<?xml version="1.0" encoding="ISO-8859-1"?>
<?xml-stylesheet type="text/xsl" href="detail.xsl"?>

<catalog>
  <furniture>
    <pf>
      <type>chairs</type>
      <product>Emma Tub Armchair</product>
      <brand>Universal</brand>
      <price>170</price>
      <details>The Emma Armchair is sure to be your chair of choice in any room. The fabric-upholstered seat has been covered with delicate linen fabric and filled with 17cm thick foam cushioning for extra comfort. </details>
      <material_care>Linen fabric Wood</material_care>
      <img1>img/spencer-swivel-chair-1.jpg</img1>
      <img2>img/spencer-swivel-chair-2.jpg</img2>
    </pf>
    <pf>
      <type>chairs</type>
      <product>Spencer Swivel Chair</product>
      <brand>Ikea</brand>
      <price>199</price>
      <details>Add a touch of cutting edge style to your living room with the Spencer Swivel Chair. Stylishly upholstered in smart polyurethane with button-back detailing, the modern European design will add a contemporary flourish to any home. </details>
      <material_care>Linen fabric Wood</material_care>
      <img1>img/spencer-swivel-chair-1.jpg</img1>
      <img2>img/spencer-swivel-chair-2.jpg</img2>
    </pf>
    <pf>
      <type>chairs</type>
      <product>Jazz Armchair</product>
      <brand>Fantastic</brand>
      <price>349</price>
      <details>Jazz up your lounge room with the fabulous Jazz Armchair, featuring an ultra trendy design with streamlined arms, timber legs and plump seats. Stitched and pulled-in back cushions give this sofa a designer flair. </details>
      <material_care>Linen fabric Wood</material_care>
      <img1>img/jazz-armchair-1.jpg</img1>
      <img2>img/jazz-armchair-2.jpg</img2>
    </pf>
    <pf>
      <type>chairs</type>
      <product>Carter Tub Chair</product>
      <brand>The Factory</brand>
      <price>169</price>
      <details>With a deep back and sides and a smooth, rounded design, this smart chair will cocoon you while you sit or curl up.  Stylish and comfortable, the Carter Chair makes a great occasional chair for the home or office.</details>
      <material_care>Linen fabric Wood</material_care>
      <img1>img/carter-tub-chair-1.jpg</img1>
      <img2>img/carter-tub-chair-2.jpg</img2>
    </pf>
    <pf>
      <type>beds</type>
      <product>Gecko Single Bed Trundle</product>
      <brand>Universal</brand>
      <price>69</price>
      <details>Make the most of your space and manage sleepovers without the hassle. The super-convenient Gecko Trundle is built from strong tubular steel and powder coated for superior chip resistance. Lockable wheels allow you to simply roll out the trundle when needed and store back under the bed when not in use. (Mattress Not Included)</details>
      <material_care>Steel</material_care>
      <img1>img/gecko-single-bed-trundle-1.jpg</img1>
      <img2>img/gecko-single-bed-trundle-2.jpg</img2>
    </pf>
    <pf>
      <type>beds</type>
      <product>Bingo Single Bed</product>
      <brand>Ikea</brand>
      <price>69</price>
      <details>Bingo! You've found the best value bed in town. With a metal frame and a straightforward design this bed has sturdy construction, is easy to decorate and has plenty of storage space underneath. </details>
      <material_care>Steel</material_care>
      <img1>img/bingo-single-bed-1.jpg</img1>
      <img2>img/bingo-single-bed-2.jpg</img2>
    </pf>
    <pf>
      <type>beds</type>
      <product>Zac Single Bed</product>
      <brand>Fantastic</brand>
      <price>99</price>
      <details>The Zac single bed combines solid pine and metal dowels to create a bed with a versatile, light look. (Mattress not included).</details>
      <material_care>Wood</material_care>
      <img1>img/zac-single-bed-1.jpg</img1>
      <img2>img/zac-single-bed-2.jpg</img2>
    </pf>
    <pf>
      <type>beds</type>
      <product>My First Toddler Bed</product>
      <brand>Artdeco</brand>
      <price>129</price>
      <details>Set low to the ground for easy access, little ones will feel so grown-up when they climb into bed all by themselves with this fabulous first bed.  High sides provide comfort and security so toddlers can sleep soundly all night long. </details>
      <material_care>Wood</material_care>
      <img1>img/my-first-toddler-bed-1.jpg</img1>
      <img2>img/my-first-toddler-bed-2.jpg</img2>
    </pf>
    <pf>
      <type>tables</type>
      <product>Host Tray Table </product>
      <brand>Universal</brand>
      <price>29</price>
      <details>This handy tray table folds flat and stores neatly out of the way when not in use, making a great space saving furniture choice for occasional use. </details>
      <material_care>Wood</material_care>
      <img1>img/host-tray-table-1.jpg</img1>
      <img2>img/host-tray-table-2.jpg</img2>
    </pf>
    <pf>
      <type>tables</type>
      <product>Geo Multi-Use Table </product>
      <brand>Ikea</brand>
      <price>40</price>
      <details>For a handy coffee table or TV stand with storage, check out the versatile Geo Multi-Use table. </details>
      <material_care>Wood</material_care>
      <img1>img/geomulti-use-table-1.jpg</img1>
      <img2>img/geomulti-use-table-2.jpg</img2>
    </pf>
    <pf>
      <type>tables</type>
      <product>Hayman Coffee Table </product>
      <brand>Fantastic</brand>
      <price>99</price>
      <details>Add a relaxed vibe to your lounge room with this smart white Hayman Coffee Table. Featuring slatted sides and a slimline design, this versatile coffee table will add a laid-back coastal look to your home. </details>
      <material_care>Wood</material_care>
      <img1>img/hayman-coffee-table-1.jpg</img1>
      <img2>img/hayman-coffee-table-2.jpg</img2>
    </pf>
    <pf>
      <type>tables</type>
      <product>Studio Coffee Table </product>
      <brand>The Factory</brand>
      <price>129</price>
      <details>Featuring a combination of timber look panels and a black metal frame, this smart coffee table will add a touch of industrial style to your home. A warm wood foil finish gives a realistic timber look for a great price. </details>
      <material_care>Wood Steel</material_care>
      <img1>img/studio-coffee-table-1.jpg</img1>
      <img2>img/studio-coffee-table-2.jpg</img2>
    </pf>
    <pf>
      <type>storage</type>
      <product>Lynx Small Wide Bookcase </product>
      <brand>Universal</brand>
      <price>59</price>
      <details>Adjustable shelves allow you to display items of different heights. Create a stylish cabinet and prevent dust build up by adding two glass doors.  </details>
      <material_care>Wood</material_care>
      <img1>img/lynx-small-wide-bookcase-1.jpg</img1>
      <img2>img/lynx-small-wide-bookcase-2.jpg</img2>
    </pf>
    <pf>
      <type>storage</type>
      <product>Coda 2 Drawer Insert </product>
      <brand>Ikea</brand>
      <price>59</price>
      <details>This handy 2-drawer unit provides great additional storage where you need it most. Use as a shelf insert with the Coda 6 and 10 Shelf bookcase, as a wardrobe insert or as a free-standing drawer unit for your desk or shelf to keep paperwork and stationery neatly stored away. </details>
      <material_care>Wood</material_care>
      <img1>img/coda-2-drawer-insert-1.jpg</img1>
      <img2>img/coda-2-drawer-insert-2.jpg</img2>
    </pf>
    <pf>
      <type>storage</type>
      <product>Alpine 2 Door Wardrobe</product>
      <brand>Ikea</brand>
      <price>99</price>
      <details>The sleek look and incredible price of this robe make it a smart buy. With plenty of hanging space it's an ideal storage solution in the in the spare room or kids room. Hanging rail is included.  </details>
      <material_care>Wood</material_care>
      <img1>img/alpine-2-door-wardobe-1.jpg</img1>
      <img2>img/alpine-2-door-wardobe-2.jpg</img2>
    </pf>
    <pf>
      <type>storage</type>
      <product>Home 2 Door Wardrobe </product>
      <brand>Artdeco</brand>
      <price>459</price>
      <details>Get the look and convenience of a built-in wardrobes without the need to commit to expensive home renovations. The freestanding 120 cm Home Robe features two aluminium framed sliding doors, a fixed top shelf, and a strong hanging rail. Cheating has never been easier with this no fuss solution.  </details>
      <material_care>Wood</material_care>
      <img1>img/alpine-2-door-wardobe-1.jpg</img1>
      <img2>img/alpine-2-door-wardobe-2.jpg</img2>
    </pf>
  </furniture>
  <accessories>
    <pa>
      <type>homedeco</type>
      <product>Galaxy Cheval Mirror</product>
      <brand>Universal</brand>
      <price>59</price>
      <details>Take a good long look at yourself and throw some light around your bedroom with this sleek, modern cheval mirror. </details>
      <material_care>Glass Metal</material_care>
      <img1>img/galaxy-cheval-mirror-1.jpg</img1>
      <img2>img/galaxy-cheval-mirror-2.jpg</img2>
    </pa>
    <pa>
      <type>textiles_rugs</type>
      <product>Oliver Rug </product>
      <brand>Artdeco</brand>
      <price>79</price>
      <details>Refresh your space with the tribal energy of a pure cotton rug that has been stonewashed for an authentic vintage look. </details>
      <material_care>Cotton</material_care>
      <img1>img/oliver-rug-1.jpg</img1>
      <img2>img/oliver-rug-2.jpg</img2>
    </pa>
    <pa>
      <type>lighting</type>
      <product>Mackenzie Table Lamp </product>
      <brand>The Factory</brand>
      <price>49</price>
      <details>Perfect for the home office or bedroom, this stylish angle poise lamp features a contemporary design in a combination of metal and wood for a funky look. Choose from a black or white finish to suit your interior. </details>
      <material_care>Plastic Metal</material_care>
      <img1>img/mackenzie-table-lamp-1.jpg</img1>
      <img2>img/mackenzie-table-lamp-2.jpg</img2>
    </pa>
    <pa>
      <type>pots_stands</type>
      <product>Maine 2 Shelf Storage Rack </product>
      <brand>Artdeco</brand>
      <price>35</price>
      <details>The Maine 2 Tier Shelving Bench makes storage simple with its charming white painted finish. The unit has 2 wide shelves, great for multipurpose storage in the bathroom or even as a shoe rack. </details>
      <material_care>Wood</material_care>
      <img1>img/maine-2-shelf-storage-rack-1.jpg</img1>
      <img2>img/maine-2-shelf-storage-rack-2.jpg</img2>
    </pa>
  </accessories>
</catalog>
